{"cameraMode":{"drawMode":0,"name":"Shaded","section":"Shading Mode"},"sceneLighting":false,"audioPlay":false,"sceneViewState":{"m_AlwaysRefresh":false,"showFog":true,"showSkybox":false,"showFlares":true,"showImageEffects":true,"showParticleSystems":true,"showVisualEffectGraphs":true,"m_FxEnabled":true},"in2DMode":false,"pivot":{"x":36.84738540649414,"y":-4.0734028816223148,"z":27.485027313232423},"rotation":{"x":-0.032388169318437579,"y":-0.9626352787017822,"z":0.13370198011398316,"w":-0.23343804478645326},"size":28.859758377075197,"orthographic":false}